<?xml version="1.0" encoding="utf-8"?>
<VisualState xmlns:xsi="http://www.w3.org/2001/XMLSchema-instance" xmlns:xsd="http://www.w3.org/2001/XMLSchema" ShowCheckBoxes="false">
  <TopNode>[0-1005]D:\Gitus\selenium\CrocusPlatformTest\TestUserLogin\bin\Debug\Crocus.TestUI.dll</TopNode>
  <SelectedNode>[0-1001]Crocus.TestUI.IE_Test.tc_UserLogin</SelectedNode>
  <ExcludeCategories>false</ExcludeCategories>
  <Nodes>
    <Node UniqueName="[0-1005]D:\Gitus\selenium\CrocusPlatformTest\TestUserLogin\bin\Debug\Crocus.TestUI.dll" Expanded="true" />
    <Node UniqueName="[0-1006]Crocus" Expanded="true" />
    <Node UniqueName="[0-1007]Crocus.TestUI" Expanded="true" />
    <Node UniqueName="[0-1000]Crocus.TestUI.IE_Test" Expanded="true" />
    <Node UniqueName="[0-1002]Crocus.TestUI.TestUI" Expanded="true" />
  </Nodes>
</VisualState>